<?xml version="1.0" encoding="UTF-8"?>
<project-private xmlns="http://www.netbeans.org/ns/project-private/1">
    <editor-bookmarks xmlns="http://www.netbeans.org/ns/editor-bookmarks/2" lastBookmarkId="0"/>
    <open-files xmlns="http://www.netbeans.org/ns/projectui-open-files/2">
        <group>
            <file>file:/C:/Users/ra21507917/Documents/NetBeansProjects/provaPSW2/src/java/HibernateUtil.java</file>
            <file>file:/C:/Users/ra21507917/Documents/NetBeansProjects/provaPSW2/web/busca.html</file>
            <file>file:/C:/Users/ra21507917/Documents/NetBeansProjects/provaPSW2/src/java/consultaEstrela.java</file>
        </group>
    </open-files>
</project-private>
